year,week,weekly_cases,Weekly_0_14,Weekly_15_24,Weekly_25_44,Weekly_45_64,Weekly_65_,F3_Week_Rolling_Rate_100k_0_14,F3_Week_Rolling_Rate_100k_15_24,F3_Week_Rolling_Rate_100k_25_44,F3_Week_Rolling_Rate_100k_45_64,F3_Week_Rolling_Rate_100k_65_,F3_Week_Rolling_Rate_100k_Total
2017,W40,5,1,1,1,2,0,NA,NA,NA,NA,NA,NA
2019,W36,3,0,0,0,0,3,0.07,0.1,0,0.03,0.34,0.08
2018,W38,1,0,0,1,0,0,0,0,0.02,0.03,0,0.01
2020,W26,12,7,0,3,2,0,0.23,0,0.07,0.05,0,0.08
2018,W39,0,0,0,0,0,0,0.03,0,0.02,0,0,0.01
2017,W41,11,2,0,2,3,3,0.1,0.05,0.19,0.18,0.17,0.16
2019,W37,7,2,1,0,1,3,0.13,0.05,0.02,0.03,0.34,0.1
2019,W38,5,2,0,1,0,2,0.13,0.05,0.07,0.05,0.26,0.1
2017,W42,8,0,0,5,2,1,0.13,0.05,0.26,0.23,0.26,0.21
2018,W40,1,1,0,0,0,0,0.03,0,0,0,0.09,0.02
2020,W27,0,0,0,0,0,0,0.23,0,0.07,0.05,0,0.08
2019,W39,4,0,0,2,1,1,0.1,0.05,0.07,0.08,0.17,0.09
2017,W43,13,2,1,4,4,2,0.07,0.1,0.21,0.21,0.13,0.16
2018,W41,2,0,0,0,0,2,0.03,0,0.09,0,0.17,0.06
2020,W28,0,0,0,0,0,0,0,0.05,0,0.03,0,0.01
2019,W40,5,1,1,0,2,1,0.16,0.16,0.09,0.08,0.13,0.12
2018,W42,6,0,0,4,0,2,0.03,0.05,0.16,0,0.17,0.08
2017,W44,3,0,1,0,2,0,0.07,0.1,0.14,0.18,0.17,0.14
2018,W43,5,1,1,3,0,0,0.07,0.05,0.19,0,0.09,0.08
2019,W41,9,4,2,2,0,1,0.2,0.16,0.05,0.13,0.21,0.14
2020,W29,2,0,1,0,1,0,0.03,0.05,0,0.03,0,0.02
2017,W45,5,0,0,2,1,2,0.07,0.1,0.09,0.13,0.34,0.14
2019,W42,7,1,0,0,3,3,0.16,0.1,0.07,0.13,0.3,0.14
2017,W46,13,2,1,2,2,6,0.13,0.16,0.12,0.13,0.34,0.16
2019,W43,6,0,0,1,2,3,0.1,0.16,0.05,0.23,0.3,0.16
2017,W47,7,2,2,1,2,0,0.2,0.26,0.12,0.15,0.3,0.19
2019,W44,11,2,3,1,4,1,0.23,0.26,0.12,0.26,0.34,0.23
2017,W48,9,2,2,2,2,1,0.49,0.57,0.19,0.44,0.34,0.38
2019,W45,18,5,2,3,4,4,0.72,0.47,0.28,0.44,0.47,0.46
2017,W49,43,11,7,5,13,7,0.86,0.88,0.56,0.85,1.29,0.84
2017,W50,78,13,8,17,18,22,2.27,1.29,1.22,1.68,4.04,1.99
2017,W51,186,45,10,30,34,65,2.73,1.19,1.55,1.73,5.2,2.34
2017,W52,98,25,5,19,15,34,5.93,3.52,4.03,5.67,20.87,7.3
2018,W01,844,110,53,123,171,387,7.87,7.08,7.83,11.19,42.29,13.79
2018,W02,1188,104,79,192,248,564,14.59,10.03,11.27,16.91,60.11,20.57
2018,W03,1145,229,62,166,237,449,17.91,9.56,11.93,17.45,59.51,21.39
2018,W04,971,211,44,151,192,373,22.46,7.6,10.85,15.75,51.14,20.05
2018,W05,981,242,41,146,182,369,24.27,6.98,10.55,13.58,44.78,18.73
2018,W06,942,284,50,153,153,301,27.59,7.86,11.15,13.09,43.07,19.28
2018,W07,1056,312,61,177,173,333,26.51,7.96,10.87,12.99,44.18,19.14
2018,W08,959,209,43,134,178,395,22.13,6.82,9.91,11.57,38.94,16.72
2018,W09,568,151,28,112,98,179,17.02,5.64,8.23,9.82,35.25,14.11
2018,W10,652,157,38,105,105,247,14.79,4.65,7.94,7.5,28.64,11.89
2018,W11,616,141,24,122,88,241,12.08,4.08,6.73,6.88,24.99,10.24
2018,W12,314,69,17,60,74,94,9.94,2.79,5.46,5.21,18.21,7.87
2018,W44,2,1,0,1,0,0,0.16,0.05,0.12,0.03,0.21,0.11
2020,W30,1,1,0,0,0,0,0.03,0.05,0,0.03,0,0.02
2019,W46,42,15,4,8,9,6,1.22,0.67,0.49,0.7,1.25,0.82
2018,W45,10,3,0,1,1,5,0.33,0.16,0.14,0.1,0.64,0.25
2018,W46,26,6,3,4,3,10,0.49,0.21,0.14,0.21,0.69,0.32
2018,W47,13,6,1,1,4,1,0.56,0.31,0.14,0.21,0.52,0.32
2018,W48,10,5,2,1,1,1,0.86,0.16,0.14,0.23,0.21,0.32
2018,W49,26,15,0,4,4,3,1.51,0.31,0.33,0.36,0.26,0.56
2018,W50,50,26,4,9,9,2,2.04,0.31,0.61,0.64,0.56,0.85
2018,W51,56,21,2,13,12,8,2.37,0.36,0.84,1.16,0.64,1.13
2018,W52,69,25,1,14,24,5,4.54,1.03,2.86,3.09,3.52,3.12
2019,W01,357,92,17,95,84,69,9.65,3.05,5.25,6.6,7.9,6.58
2019,W02,590,176,41,115,148,110,16.1,4.39,6.77,8.61,11.16,9.43
2019,W03,510,221,27,79,102,81,28.09,5.95,7.66,10.18,12.49,12.82
2019,W04,881,456,47,133,145,100,35.1,6.77,8.62,9.59,14.17,14.68
2019,W05,876,389,57,156,125,149,38.26,7.6,9.91,9.56,16.57,16.11
2019,W06,732,317,43,134,101,137,37.14,7.91,10.55,10.26,21.86,17.08
2019,W07,1030,422,53,160,172,223,34.67,7.03,9.7,10.13,19.88,15.92
2019,W08,698,314,40,120,120,103,27.99,6.51,8.79,10,20.87,14.41
2019,W09,498,114,33,95,96,160,18.08,4.91,6.12,6.49,13.7,9.56
2019,W10,281,121,22,46,36,56,9.62,3.57,4.1,4.2,11.08,6.2
2019,W11,178,57,14,34,31,42,8.1,2.48,2.98,2.4,5.88,4.21
2019,W47,67,17,7,10,14,19,4.28,1.76,1.22,1.26,3.39,2.23
2019,W12,192,68,12,47,26,39,6.98,2.17,2.41,2.09,6.18,3.77
2019,W48,235,98,23,34,26,54,8.43,3.41,2.11,2.32,7.3,4.35
2020,W31,0,0,0,0,0,0,0.03,0,0,0,0,0.01
2019,W13,212,87,16,22,24,63,6.29,1.86,2.09,1.73,5.93,3.37
2019,W49,370,141,36,46,50,97,17.35,6.82,3.94,4.28,14.94,8.69
2019,W14,117,36,8,20,17,36,5.86,1.81,1.36,1.93,6.96,3.29
2020,W32,0,0,0,0,0,0,0.03,0,0,0,0,0.01
2019,W50,737,288,73,88,90,197,28.32,10.24,5.84,6.37,23.92,13.67
2019,W51,1005,431,89,115,107,263,33.42,11.48,7.57,7.71,32.12,16.89
2019,W52,867,296,60,120,102,288,38,12.2,10.03,10.57,44.7,21.17
2020,W01,1398,427,87,193,201,490,40.11,13.54,13.03,13.51,63.85,26.21
2020,W02,1783,495,115,243,221,709,42.08,13.75,13.22,14.82,67.54,27.55
2020,W03,1075,356,64,128,153,374,31.45,10.08,9.63,10.59,49.89,20.29
2020,W04,276,104,16,40,37,79,18.57,5.69,5.25,6.03,22.16,10.68
2020,W05,299,104,30,56,44,63,10.41,4.34,3.63,2.68,8.63,5.59
2020,W06,288,108,38,59,23,59,13.07,5.01,4.52,2.84,8.85,6.51
2020,W07,419,185,29,78,43,84,13.86,5.22,4.31,2.35,8.72,6.48
2020,W08,294,128,34,47,25,60,14.26,5.17,4.55,2.55,8.16,6.58
2018,W13,285,92,13,51,40,89,6.92,2.27,3.47,4.43,12.88,5.66
2019,W15,179,55,11,16,34,63,3.85,1.24,1.38,1.55,5.84,2.56
2020,W43,0,0,0,0,0,0,0,0,0,0,0,0
2019,W16,100,26,5,23,9,37,3.49,0.93,1.2,1.57,5.58,2.37
2018,W14,276,49,14,37,58,117,5.8,1.91,2.81,3.79,12.54,5
2019,W17,87,25,2,12,18,30,2.21,0.57,1.03,1.01,3.82,1.62
2018,W15,212,35,10,32,49,86,3.62,1.4,2.13,3.53,11.98,4.18
2020,W44,0,0,0,0,0,0,0,0,0,0,0,0
2019,W18,63,16,4,9,12,22,1.55,0.47,0.66,0.93,2.79,1.2
2018,W16,157,26,3,22,30,76,2.21,0.83,1.64,2.32,7.6,2.72
2020,W33,1,1,0,0,0,0,0.03,0,0,0,0,0.01
2018,W17,51,6,3,16,11,15,1.51,0.47,1.01,1.42,4.77,1.71
2019,W19,35,6,3,7,6,13,1.02,0.52,0.47,0.7,2.45,0.94
2020,W45,0,0,0,0,0,0,0,0,0,0,0,0
2018,W18,56,14,3,5,14,20,0.95,0.47,0.7,0.67,1.63,0.85
2020,W34,0,0,0,0,0,0,0.03,0,0,0,0,0.01
2019,W20,47,9,3,4,9,22,0.82,0.62,0.7,0.52,2.19,0.89
2020,W46,0,0,0,0,0,0,0,0,0,0,0,0
2018,W19,25,9,3,9,1,3,1.32,0.41,0.35,0.62,1.55,0.8
2019,W21,56,10,6,19,5,16,0.69,0.57,0.59,0.44,2.45,0.85
2020,W35,0,0,0,0,0,0,0,0,0,0,0,0
2018,W20,42,17,2,1,9,13,1.02,0.31,0.26,0.26,0.77,0.49
2019,W22,28,2,2,2,3,19,0.49,0.47,0.56,0.26,1.76,0.64
2020,W47,0,0,0,0,0,0,0,0,0,0,0,0
2018,W21,9,5,1,1,0,2,0.86,0.16,0.07,0.28,0.77,0.39
2020,W36,0,0,0,0,0,0,0,0,0,0,0,0
2019,W23,15,3,1,3,2,6,0.23,0.16,0.16,0.15,1.12,0.32
2020,W48,0,0,0,0,0,0,0,0,0,0,0,0
2018,W22,10,4,0,1,2,3,0.3,0.05,0.05,0.05,0.3,0.14
2019,W24,6,2,0,2,1,1,0.3,0.05,0.12,0.13,0.47,0.2
2020,W37,0,0,0,0,0,0,0,0,0,0,0,0
2018,W23,2,0,0,0,0,2,0.13,0,0.05,0.05,0.3,0.1
2020,W49,0,0,0,0,0,0,0,0,0,0,0,0
2019,W25,10,4,0,0,2,4,0.3,0.1,0.09,0.08,0.34,0.17
2018,W24,3,0,0,1,0,2,0,0,0.02,0,0.17,0.03
2020,W38,0,0,0,0,0,0,0,0,0,0,0,0
2019,W26,10,3,2,2,0,3,0.43,0.1,0.07,0.05,0.3,0.17
2020,W50,0,0,0,0,0,0,0,0,0,0,0,0
2018,W25,0,0,0,0,0,0,0,0,0.02,0.03,0.09,0.03
2019,W27,7,6,0,1,0,0,0.46,0.1,0.14,0.05,0.21,0.19
2020,W39,0,0,0,0,0,0,0,0,0,0,0,0
2018,W26,1,0,0,0,1,0,0,0,0.02,0.03,0.04,0.02
2020,W51,0,0,0,0,0,0,0,0,0,0,0,0
2019,W28,12,5,0,3,2,2,0.53,0,0.09,0.05,0.09,0.16
2020,W40,0,0,0,0,0,0,0,0,0,0,0,0
2018,W27,2,0,0,1,0,1,0,0,0.02,0.03,0.09,0.03
2019,W29,5,5,0,0,0,0,0.49,0.05,0.12,0.13,0.09,0.18
2020,W52,0,0,0,0,0,0,0,0,0,0,0,0
2018,W28,1,0,0,0,0,1,0,0,0.02,0,0.13,0.03
2020,W41,0,0,0,0,0,0,0,0,0,0,0,0
2019,W30,11,5,1,2,3,0,0.4,0.21,0.05,0.08,0.04,0.14
2018,W29,1,0,0,0,0,1,0,0,0.02,0,0.13,0.03
2020,W53,0,0,0,0,0,0,0,0,0,0,0,0
2019,W31,6,2,3,0,0,1,0.26,0.26,0.07,0.13,0.04,0.14
2020,W42,0,0,0,0,0,0,0,0,0,0,0,0
2018,W30,2,0,0,1,0,1,0,0,0.02,0,0.09,0.02
2019,W32,5,1,1,1,2,0,0.1,0.41,0.02,0.08,0.04,0.1
2021,W01,0,0,0,0,0,0,0,0,0,0,0,0
2018,W31,0,0,0,0,0,0,0,0,0.02,0,0.09,0.02
2019,W33,5,0,4,0,1,0,0.03,0.36,0.05,0.13,0.13,0.12
2018,W32,1,0,0,0,0,1,0.03,0,0,0.03,0.04,0.02
2021,W02,0,0,0,0,0,0,0,0,0,0,0,0
2019,W34,8,0,2,1,2,3,0,0.36,0.02,0.08,0.21,0.1
2018,W33,2,1,0,0,1,0,0.1,0,0.05,0.05,0.04,0.05
2019,W35,3,0,1,0,0,2,0,0.16,0.02,0.05,0.34,0.09
2021,W03,0,0,0,0,0,0,0,0,0,0,0,0
2018,W34,5,2,0,2,1,0,0.13,0,0.05,0.13,0.04,0.08
2021,W04,0,0,0,0,0,0,0,0,0,0,0,0
2018,W35,5,1,0,0,3,1,0.1,0,0.05,0.1,0.04,0.06
2021,W05,0,0,0,0,0,0,0,0,0,0,0,0
2018,W36,0,0,0,0,0,0,0.03,0,0,0.1,0.04,0.04
2018,W37,1,0,0,0,1,0,0,0,0.02,0.03,0,0.01
2020,W09,304,120,37,69,31,46,13.43,5.53,3.89,2.11,5.62,5.79
2020,W10,297,160,36,50,26,25,13.17,4.65,3.84,2.06,5.62,5.61
2020,W11,265,120,17,45,23,60,12.48,3.72,3.12,1.88,5.5,5.08
2020,W12,223,99,19,38,24,43,17.09,5.43,5.06,3.27,11.04,7.93
2020,W13,737,300,69,133,80,154,13.2,4.76,4.17,2.73,8.54,6.33
2020,W14,18,2,4,7,2,2,10.7,3.93,3.54,2.16,6.87,5.17
2020,W15,43,23,3,11,2,4,0.89,0.41,0.54,0.13,0.3,0.46
2020,W16,10,2,1,5,1,1,0.86,0.21,0.37,0.1,0.26,0.36
2020,W17,3,1,0,0,1,1,0.16,0.1,0.14,0.08,0.09,0.12
2020,W18,5,2,1,1,1,0,0.1,0.1,0.02,0.05,0.04,0.06
2020,W19,1,0,1,0,0,0,0.07,0.16,0.07,0.03,0,0.06
2020,W20,3,0,1,2,0,0,0,0.16,0.05,0.03,0,0.04
2020,W21,2,0,1,0,1,0,0.03,0.1,0.05,0.03,0,0.04
2020,W22,1,1,0,0,0,0,0.03,0.05,0,0.03,0,0.02
2020,W23,0,0,0,0,0,0,0.03,0,0,0,0,0.01
2020,W24,0,0,0,0,0,0,0,0,0,0,0,0
2020,W25,0,0,0,0,0,0,0.23,0,0.07,0.05,0,0.08
2021,W06,0,0,0,0,0,0,0,0,0,0,0,0
2021,W07,0,0,0,0,0,0,0,0,0,0,0,0
2021,W08,0,0,0,0,0,0,0,0,0,0,0,0
2021,W09,0,0,0,0,0,0,0,0,0,0,0,0
2021,W10,0,0,0,0,0,0,0,0,0,0,0,0
2021,W11,0,0,0,0,0,0,0,0,0,0,0,0
2021,W12,0,0,0,0,0,0,0,0,0,0,0,0
2021,W13,0,0,0,0,0,0,0,0,0,0,0,0
2021,W14,0,0,0,0,0,0,0,0,0,0,0,0
2021,W15,0,0,0,0,0,0,0,0,0,0,0,0
2021,W16,0,0,0,0,0,0,0,0,0,0,0,0
2021,W17,0,0,0,0,0,0,0,0,0,0,0,0
2021,W18,0,0,0,0,0,0,0,0,0,0,0,0
2021,W19,0,0,0,0,0,0,0,0,0,0,0,0
2021,W20,0,0,0,0,0,0,0,0,0,0,0,0
2021,W21,0,0,0,0,0,0,0,0,0,0,0,0
2021,W22,0,0,0,0,0,0,0,0,0,0,0,0
2022,W04,7,1,2,2,1,1,0.07,0.62,0.14,0.05,0.04,0.15
2023,W02,1552,306,138,308,269,531,31.22,21.45,23.48,24.77,80.72,33.7
2022,W21,11,3,1,1,2,4,0.4,0.16,0.23,0.08,0.56,0.27
2021,W23,0,0,0,0,0,0,0,0,0,0,0,0
2021,W40,0,0,0,0,0,0,0,0,0,0,0,0
2023,W03,618,128,46,101,120,223,18.01,11.17,11.2,11.21,37.44,16.5
2021,W24,0,0,0,0,0,0,0,0,0,0,0,0
2022,W22,19,3,2,7,1,6,0.3,0.52,0.21,0.15,0.56,0.3
2022,W05,13,0,9,3,1,0,0.03,1.65,0.23,0.15,0.34,0.37
2022,W06,37,0,21,5,4,7,0.13,3.83,1.08,0.36,1.07,1.06
2022,W07,113,4,44,38,9,18,0.43,7.34,1.99,1.21,2.23,2.19
2022,W08,189,9,77,42,34,27,1.02,11.37,3.21,1.96,4.21,3.64
2022,W09,260,18,99,57,33,53,1.35,13.54,3.68,2.71,7.13,4.73
2022,W10,282,14,86,58,38,86,1.94,11.32,3.98,2.42,8.46,4.78
2022,W11,197,27,34,55,23,58,2.27,9.62,4.52,3.09,9.79,5.15
2022,W12,317,28,66,80,59,84,2.93,6.93,4.59,2.91,8.29,4.69
2022,W13,211,34,34,61,31,51,2.96,6,3.94,2.94,7.81,4.34
2022,W14,142,28,16,27,24,47,2.44,3.31,2.48,1.7,4.98,2.76
2022,W15,73,12,14,18,11,18,1.84,2.27,1.71,1.31,4.12,2.07
2022,W16,105,16,14,28,16,31,1.32,1.91,1.38,0.85,2.58,1.48
2022,W17,51,12,9,13,6,11,1.19,2.53,1.64,0.82,3.13,1.68
2022,W18,104,8,26,29,10,31,0.92,2.02,1.22,0.46,2.06,1.2
2022,W19,30,8,4,10,2,6,0.72,1.55,0.96,0.31,1.72,0.94
2022,W20,11,6,0,2,0,3,0.56,0.26,0.3,0.1,0.56,0.34
2021,W41,0,0,0,0,0,0,0.03,0,0.02,0,0,0.01
2023,W19,34,15,4,10,2,3,1.35,0.62,0.59,0.26,0.56,0.65
2022,W23,17,3,7,1,3,3,0.23,0.57,0.21,0.1,0.6,0.29
2023,W04,379,113,32,69,46,118,11.95,6,5.72,5.36,17.95,8.74
2021,W25,0,0,0,0,0,0,0,0,0,0,0,0
2021,W42,2,1,0,1,0,0,0.03,0,0.02,0,0,0.01
2023,W20,30,11,4,7,5,3,1.15,0.41,0.61,0.31,0.56,0.61
2022,W24,9,1,2,1,0,5,0.23,0.47,0.16,0.1,0.52,0.25
2023,W05,353,122,38,74,42,77,10.27,4.91,4.9,2.81,9.92,6.2
2021,W26,0,0,0,0,0,0,0,0,0,0,0,0
2021,W43,0,0,0,0,0,0,0.03,0,0.02,0,0,0.01
2023,W21,30,9,0,9,5,7,0.86,0.31,0.49,0.34,0.47,0.5
2023,W06,225,77,25,66,21,36,8.79,5.48,4.97,2.29,6.23,5.3
2022,W25,13,3,0,5,1,4,0.26,0.16,0.21,0.13,0.47,0.23
2021,W27,0,0,0,0,0,0,0,0,0,0,0,0
2021,W44,0,0,0,0,0,0,0,0,0,0.03,0,0.01
2023,W22,17,6,2,5,3,1,0.59,0.21,0.63,0.26,0.52,0.46
2023,W07,241,68,43,72,26,32,6.12,5.01,4.41,1.7,4.55,4.16
2022,W26,14,4,1,3,4,2,0.3,0.16,0.26,0.21,0.39,0.26
2021,W28,0,0,0,0,0,0,0,0,0,0,0,0
2021,W45,1,0,0,0,1,0,0,0,0.02,0.03,0,0.01
2023,W23,24,3,2,13,2,4,0.33,0.26,0.47,0.21,0.26,0.32
2023,W08,177,41,29,50,19,38,4.87,5.07,3.75,1.47,3.65,3.55
2021,W29,0,0,0,0,0,0,0,0,0.02,0,0,0.01
2022,W27,13,2,2,3,3,3,0.2,0.36,0.16,0.23,0.3,0.23
2023,W24,8,1,1,2,3,1,0.26,0.26,0.45,0.15,0.26,0.28
2023,W09,130,39,26,38,12,15,4.45,4.91,3.28,1.13,2.83,3.11
2021,W46,1,0,0,1,0,0,0,0,0.02,0.05,0.04,0.03
2023,W25,12,4,2,4,1,1,0.26,0.26,0.26,0.13,0.17,0.21
2022,W28,9,0,4,1,2,2,0.2,0.47,0.16,0.15,0.34,0.23
2021,W30,1,0,0,1,0,0,0,0,0.02,0,0,0.01
2023,W10,173,55,40,52,13,13,5.43,4.5,3.33,1.11,2.06,3.14
2021,W47,2,0,0,0,1,1,0,0.05,0.05,0.08,0.04,0.05
2023,W26,13,3,2,5,1,2,0.26,0.26,0.26,0.05,0.21,0.2
2022,W29,14,4,3,3,1,3,0.23,0.78,0.21,0.13,0.39,0.29
2021,W31,0,0,0,0,0,0,0,0,0.02,0,0,0.01
2023,W11,182,71,21,52,18,20,7.54,5.89,4.29,1.11,2.19,4.01
2023,W12,265,103,53,79,12,18,8.79,6.46,4.69,1.03,1.93,4.38
2023,W13,230,93,51,69,10,7,9.65,6.51,4.76,0.88,1.67,4.5
2023,W14,200,97,22,55,12,14,8.27,5.27,4.08,0.82,1.46,3.84
2023,W15,163,61,29,50,10,13,6.39,3.77,3.19,0.85,1.55,3.06
2023,W16,109,36,22,31,11,9,3.98,3.21,2.44,0.67,1.2,2.21
2023,W17,69,24,11,23,5,6,2.47,1.91,1.45,0.49,0.94,1.39
2023,W18,37,15,4,8,3,7,1.78,0.98,0.96,0.26,0.69,0.91
2021,W48,4,0,1,1,2,0,0.07,0.21,0.02,0.08,0.04,0.07
2022,W38,29,3,5,8,6,7,0.36,0.67,0.56,0.54,1.12,0.61
2022,W30,22,3,8,5,2,4,0.26,0.88,0.3,0.08,0.43,0.33
2023,W27,6,1,1,2,0,2,0.2,0.31,0.28,0.03,0.17,0.19
2022,W39,41,3,5,7,10,16,0.56,0.83,0.59,0.75,1.93,0.85
2022,W40,62,11,6,10,13,22,0.76,0.62,0.61,0.93,2.83,1.06
2022,W41,60,9,1,9,13,28,1.02,1.24,0.91,1.31,3.35,1.44
2022,W42,101,11,17,20,25,28,1.12,1.5,1.5,1.68,3.86,1.83
2022,W43,121,14,11,35,27,34,1.68,2.33,1.69,2.04,3.95,2.19
2022,W44,117,26,17,17,27,30,2.7,2.07,2.16,2.37,4.34,2.63
2022,W45,169,42,12,40,38,37,4.05,2.84,2.2,2.71,4.34,3.09
2022,W46,192,55,26,37,40,34,5.37,3.15,2.74,3.22,4.94,3.76
2022,W47,220,66,23,40,47,44,6.55,4.29,3.49,4.3,7.81,5.05
2022,W48,368,78,34,72,80,104,10.31,6.93,6.12,6.39,13.14,8.17
2022,W49,674,169,77,149,121,158,17.39,11.43,11.44,11.03,23.27,14.29
2022,W50,1166,281,110,267,227,280,33.49,18.92,20.65,20.05,48,26.94
2022,W51,2322,567,179,465,430,680,44.36,23.57,27.07,27.22,74.11,37.17
2022,W52,2254,499,167,423,399,766,52.03,29.83,34.71,36.11,110.44,49.28
2023,W01,3036,514,231,593,572,1126,43.43,27.71,31.03,31.96,104.04,44.29
2021,W49,5,2,3,0,0,0,0.13,0.41,0.07,0.05,0,0.11
2021,W32,0,0,0,0,0,0,0,0,0,0,0,0
2022,W31,15,1,6,5,0,3,0.26,1.14,0.47,0.08,0.64,0.44
2023,W28,10,2,3,5,0,0,0.16,0.31,0.23,0.03,0.09,0.16
2021,W50,8,2,4,2,0,0,0.16,0.52,0.21,0.03,0.09,0.17
2021,W33,0,0,0,0,0,0,0,0,0,0,0,0
2022,W32,31,4,8,10,1,8,0.23,1.03,0.49,0.26,0.77,0.49
2023,W29,8,2,2,3,1,0,0.13,0.36,0.26,0.15,0.09,0.19
2021,W51,14,1,3,7,1,2,0.13,0.36,0.21,0.03,0.09,0.15
2021,W34,0,0,0,0,0,0,0,0,0,0,0,0
2022,W33,30,2,6,6,9,7,0.26,1.14,0.59,0.36,0.94,0.59
2023,W30,12,0,2,3,5,2,0.26,0.26,0.26,0.34,0.21,0.27
2021,W52,1,1,0,0,0,0,0.07,0.16,0.26,0.05,0.13,0.14
2021,W35,0,0,0,0,0,0,0,0,0,0,0,0
2022,W34,30,2,8,9,4,7,0.16,0.88,0.45,0.52,0.94,0.54
2023,W31,22,6,1,5,7,3,0.3,0.31,0.23,0.36,0.34,0.3
2022,W01,6,0,0,4,1,1,0.03,0.1,0.16,0.05,0.47,0.15
2021,W36,0,0,0,0,0,0,0,0,0,0,0,0
2022,W35,23,1,3,4,7,8,0.2,0.83,0.4,0.41,0.94,0.5
2023,W32,13,3,3,2,2,3,0.36,0.26,0.23,0.31,0.47,0.32
2022,W02,16,0,2,3,1,10,0.03,0.16,0.19,0.05,0.47,0.16
2021,W37,0,0,0,0,0,0,0,0,0,0,0,0
2021,W38,0,0,0,0,0,0,0,0,0,0,0,0
2021,W39,0,0,0,0,0,0,0,0,0,0,0,0
2022,W36,24,3,5,4,5,7,0.3,0.57,0.4,0.44,0.77,0.47
2023,W33,14,2,1,3,3,5,0.26,0.31,0.21,0.23,0.52,0.28
2022,W03,3,1,1,1,0,0,0.07,0.26,0.14,0.05,0.47,0.17
2022,W37,25,5,3,9,5,3,0.36,0.67,0.49,0.41,0.73,0.5
2023,W34,17,3,2,4,4,4,0.26,0.26,0.21,0.23,0.56,0.28
2023,W35,13,3,2,2,2,4,0.23,0.41,0.26,0.18,0.56,0.3
2024,W38,35,6,5,9,7,8,0.63,0.78,0.66,0.49,1.33,0.73
2024,W39,45,7,3,13,5,17,0.79,0.57,0.7,0.49,1.76,0.81
2024,W40,45,11,3,8,7,16,1.12,0.47,0.61,0.52,1.89,0.86
2024,W41,43,16,3,5,8,11,1.28,0.41,0.45,0.57,1.89,0.85
2024,W42,44,12,2,6,7,17,1.84,0.67,0.59,0.98,1.98,1.15
2024,W43,91,28,8,14,23,18,2.34,0.83,0.66,1.19,2.28,1.39
2024,W44,79,31,6,8,16,18,3.03,1.29,1.24,1.86,3.56,2.1
2024,W45,155,33,11,31,33,47,3.16,1.4,1.71,1.91,3.69,2.3
2024,W46,122,32,10,34,25,21,4.15,1.71,2.34,2.27,4.12,2.87
2024,W47,166,61,12,35,30,28,6.16,2.12,2.93,2.58,4.81,3.66
2024,W48,277,94,19,56,45,63,9.09,3.31,4.8,4.92,10.13,6.29
2024,W49,529,121,33,114,116,145,16.96,5.27,7.87,9.38,20.87,11.67
2024,W50,997,300,50,166,203,278,35.4,10.44,15.89,20.52,49.25,25.23
2024,W51,2372,654,119,398,477,724,59.86,14.37,20.2,27.11,71.88,36.8
2024,W52,2315,864,109,298,372,672,78.86,21.97,28.94,41.55,120.74,54.9
2025,W01,3793,877,197,539,763,1416,77.61,28.85,33.65,48.53,150.15,63
2025,W02,3624,616,252,599,748,1409,NA,NA,NA,NA,NA,NA
2024,W20,101,19,17,27,15,23,1.81,2.02,1.8,1.6,3.61,2.05
2023,W36,16,1,4,5,1,5,0.23,0.31,0.23,0.13,0.43,0.25
2024,W21,78,17,9,17,16,19,1.58,1.76,1.52,1.11,2.79,1.65
2023,W37,9,3,0,3,2,1,0.16,0.21,0.26,0.1,0.3,0.2
2024,W22,76,12,8,21,12,23,1.12,1.09,1.12,0.95,2.83,1.33
2023,W38,6,1,0,3,1,1,0.26,0.1,0.23,0.1,0.21,0.19
2024,W23,52,5,4,10,9,24,0.86,0.72,1.05,0.7,2.32,1.07
2023,W39,14,4,2,4,1,3,0.26,0.16,0.23,0.1,0.39,0.22
2024,W24,38,9,2,14,6,7,0.79,0.67,0.75,0.64,1.89,0.9
2023,W40,14,3,1,3,2,5,0.43,0.26,0.26,0.31,0.69,0.37
2024,W25,49,10,7,8,10,13,0.76,0.83,0.7,0.67,1.25,0.81
2023,W41,29,6,2,4,9,8,0.59,0.36,0.26,0.39,0.86,0.46
2023,W42,28,9,4,4,4,7,1.22,0.47,0.33,0.52,0.99,0.67
2023,W43,46,22,3,6,7,8,1.68,0.41,0.4,0.39,0.82,0.71
2023,W44,36,20,1,7,4,4,2.11,0.62,0.54,0.67,0.99,0.96
2023,W45,66,22,8,10,15,11,1.98,0.83,0.75,0.67,1.25,1.06
2023,W46,61,18,7,15,7,14,2.04,1.4,1.15,0.95,1.8,1.4
2023,W47,90,22,12,24,15,17,3,1.81,1.64,1.19,3.31,2.07
2023,W48,168,51,16,31,24,46,5.1,3.21,2.58,1.93,5.97,3.5
2023,W49,283,82,34,55,36,76,11.13,5.17,4.94,3.56,12.54,6.98
2023,W50,628,205,50,125,78,170,19.13,9.05,8.3,6.83,21.17,12.09
2023,W51,957,294,91,174,151,247,24.6,10.6,11.06,8.97,29.37,15.9
2023,W52,871,248,64,173,119,267,26.18,14.79,16.15,13.92,48.86,22.32
2024,W01,1620,253,131,342,270,624,25.22,17.68,18.61,15.85,60.71,25.45
2024,W26,38,4,7,8,10,9,0.66,0.78,0.54,0.67,1.46,0.77
2024,W27,32,6,1,7,6,12,0.43,0.72,0.49,0.54,1.25,0.63
2024,W28,28,3,6,6,5,8,0.36,0.72,0.45,0.46,1.37,0.61
2024,W29,34,2,7,6,7,12,0.33,1.09,0.42,0.44,1.2,0.61
2024,W30,32,5,8,6,5,8,0.36,1.45,0.47,0.64,1.72,0.8
2024,W31,58,4,13,8,13,20,0.43,1.55,0.52,0.52,1.67,0.8
2024,W32,34,4,9,8,2,11,0.46,1.5,0.47,0.54,1.67,0.8
2024,W33,31,6,7,4,6,8,0.46,1.09,0.37,0.28,1.16,0.58
2024,W34,24,4,5,4,3,8,0.59,1.03,0.33,0.34,0.82,0.54
2024,W35,29,8,8,6,4,3,0.56,0.78,0.45,0.21,0.52,0.46
2024,W36,18,5,2,9,1,1,0.63,0.88,0.49,0.31,0.43,0.51
2024,W37,32,6,7,6,7,6,0.56,0.72,0.56,0.39,0.64,0.55
2024,W02,1440,265,147,279,226,523,25.98,19.75,20.36,18.02,68.49,28.06
2024,W03,1274,271,104,248,203,448,31.94,19.28,18.56,17.32,62.73,27.63
2024,W04,1554,434,122,265,243,490,36.72,17.32,17.01,16.93,58.61,27.18
2024,W05,1370,410,109,213,211,427,36.16,16.49,15.98,16.26,54.87,25.95
2024,W06,1084,254,88,204,177,361,30.59,14.42,14.15,13.14,45.04,21.82
2024,W07,917,265,82,187,122,261,23.05,12.25,13.57,11.68,37.18,18.35
2024,W08,834,181,67,188,154,244,19.49,10.29,11.25,9.15,29.37,14.95
2024,W09,559,146,50,105,79,179,13.7,7.75,8.55,7.35,22.89,11.32
2024,W10,356,89,33,72,52,110,12.12,6.2,6.21,4.85,18.68,8.91
2024,W11,461,133,37,88,57,146,10.97,5.64,5.06,4.25,16.02,7.74
2024,W12,379,111,39,56,56,117,10.17,6.26,5.41,4.18,15.63,7.68
2024,W13,347,65,45,87,49,101,7.38,5.89,4.76,3.32,12.11,6.16
2024,W14,226,48,30,60,24,64,4.77,5.38,4.94,2.73,8.89,5
2024,W15,200,32,29,64,33,42,3.89,3.88,3.7,2.24,6.4,3.8
2024,W16,161,38,16,34,30,43,3.16,3.21,3.09,2.04,4.77,3.11
2024,W17,119,26,17,34,16,26,3.46,3,2.37,1.75,4.08,2.76
2024,W18,147,41,25,33,22,26,2.83,2.84,2.34,1.78,4.04,2.62
2024,W19,138,19,13,33,31,42,2.6,2.84,2.18,1.75,3.91,2.5
